{
  "gokhan": {
    "DIAUSDT": {
      "amount": 18433.179723502304,
      "avg_price": 0.5425,
      "total_invested": 10000.0
    },
    "FTTUSDT": {
      "amount": 1841.9598452753728,
      "avg_price": 1.0858,
      "total_invested": 2000.0
    },
    "TRXUSDT": {
      "amount": 15718.327569946558,
      "avg_price": 0.3181,
      "total_invested": 5000.0
    },
    "KNCUSDT": {
      "amount": 2200.7042253521126,
      "avg_price": 0.4544,
      "total_invested": 1000.0
    },
    "FUNUSDT": {
      "amount": 134567.76832813004,
      "avg_price": 0.018578,
      "total_invested": 2500.0
    }
  },
  "ugur": {}
}